{"cameraMode":{"drawMode":0,"name":"Shaded","section":"Shading Mode"},"sceneLighting":true,"audioPlay":false,"sceneViewState":{"m_AlwaysRefresh":false,"showFog":true,"showSkybox":true,"showFlares":true,"showImageEffects":true,"showParticleSystems":true,"showVisualEffectGraphs":true,"m_FxEnabled":true},"in2DMode":false,"pivot":{"x":-21.681533813476564,"y":-1.5074963569641114,"z":1.7736256122589112},"rotation":{"x":-0.07556577026844025,"y":0.6912763714790344,"z":-0.07306823879480362,"w":-0.7149034142494202},"size":24.367128372192384,"orthographic":false}